feature,mean_importance
면적38_46,-0.015024207915515808
승강기설치여부,0.0001844145822316734
면적17_26,0.001511401339968399
임대료,0.02041699115105925
면적59_74,0.027228498816750324
준공연도,0.029645138001036332
임대보증금,0.04348075965263972
난방방식,0.048452887469649084
총세대수,0.08211221337479938
면적74_85,0.08219895285333129
총면적,0.5682993433237483
