feature,shap_importance
총면적,0.7907943885993913
면적74_85,0.08760143068681399
건물형태,0.02088846414327816
면적59_74,0.020314584963909064
총세대수,0.014968419597037786
면적17_26,0.0066323035817076855
면적51_59,0.0
임대보증금,0.0
면적127_139,0.0
면적85_127,0.0
면적38_46,0.0
면적46_51,0.0
준공연도,0.0
면적26_38,0.0
승강기설치여부,0.0
난방방식,0.0
임대료,0.0
