feature,shap_importance
총면적,0.7303018492605285
면적74_85,0.10468733766604083
임대보증금,0.028396849169353148
준공연도,0.005969395336233721
면적59_74,0.0035779372442444023
총세대수,0.0034543385806591826
임대료,0.0031335119369255543
면적17_26,0.0024135079861059396
면적26_38,0.0
면적46_51,0.0
면적51_59,0.0
승강기설치여부,0.0
난방방식,0.0
면적85_127,0.0
면적127_139,0.0
건물형태,0.0
면적38_46,0.0
