feature,mean_importance
총세대수,-0.01350566451922124
면적46_51,-0.006051756577900557
면적38_46,-0.001123347067772329
면적127_139,-1.1102230246251566e-17
면적17_26,0.0
면적26_38,0.0
면적51_59,0.0
면적85_127,2.2204460492503132e-17
승강기설치여부,5.551115123125783e-17
건물형태,0.00023284695449604653
준공연도,0.0017065359423679039
면적59_74,0.0021446488740324843
난방방식,0.002688222509719873
임대료,0.003221830922112223
임대보증금,0.007635273827357148
면적74_85,0.03852052895095555
총면적,1.2883144544202274
