feature,mean_importance
건물형태,-0.0010410212930809571
임대보증금,0.059216344059287065
준공연도,0.0889174125522344
총면적,0.7788110740881267
