feature,mean_importance
면적38_46,0.0
준공연도,0.0
건물형태,0.0
난방방식,0.0
승강기설치여부,0.0
면적127_139,0.0
면적17_26,0.0
면적26_38,0.0
면적85_127,0.0
면적59_74,0.0
면적51_59,0.0
임대료,0.008377239624580235
면적46_51,0.016608027458270603
총세대수,0.040553378241908744
면적74_85,0.15744349195938995
임대보증금,0.2668169244355334
총면적,0.8497273163735501
