feature,mean_importance
임대보증금,-0.019663745050353537
건물형태,-0.012543877321479352
난방방식,-0.006824041495152916
면적26_38,-0.002177354191300518
임대료,-0.0008308963206762942
면적38_46,-0.0007869806574350658
승강기설치여부,0.0
면적85_127,0.0
면적127_139,0.0
면적17_26,0.00023599258608597573
면적59_74,0.0021345197039877306
면적46_51,0.0025021552556779734
면적51_59,0.003938844406318987
준공연도,0.01824594665865792
면적74_85,0.03400443310686486
총세대수,0.04792710375990096
총면적,1.5055803039528572
