feature,mean_importance
건물형태,0.025841425979082882
준공연도,0.05374989902859191
임대보증금,0.07896708409671198
총면적,0.9385065597243842
