feature,mean_importance
건물형태,-0.002336532378162709
준공연도,0.07221723193430533
임대보증금,0.08088811836120353
총면적,0.7333962925662706
