feature,mean_importance
건물형태,0.02606513482938243
준공연도,0.050065484482508714
임대보증금,0.0723357862458157
총면적,0.8463881358058087
