feature,mean_importance
건물형태,0.025841425979082833
준공연도,0.05374989902859184
임대보증금,0.07896708409671195
총면적,0.9385065597243841
