feature,mean_importance
임대료,-0.0050297238045641235
면적127_139,0.0
면적85_127,0.0
면적74_85,0.0
면적59_74,0.0
면적46_51,0.0
면적38_46,0.0
승강기설치여부,0.0
건물형태,0.0
면적17_26,0.0
난방방식,0.007024816212703922
면적51_59,0.009624995910485745
면적26_38,0.00985883346881663
준공연도,0.025474387406233756
총세대수,0.030715576504632025
임대보증금,0.03249300309495543
총면적,0.48101522849074607
