feature,mean_importance
면적38_46,-0.0017276645003728164
면적46_51,-0.0012388168336698979
면적127_139,0.0
면적85_127,0.0
승강기설치여부,0.0
면적17_26,0.0
면적26_38,0.002452097650849916
면적51_59,0.010419434069109935
난방방식,0.01220935006896986
면적59_74,0.012750760554087182
임대료,0.03136156244290682
건물형태,0.034424285948425594
준공연도,0.03797385380848175
면적74_85,0.04708176066295826
임대보증금,0.050187595864818434
총세대수,0.08649567719117145
총면적,0.3681003262206346
