feature,shap_importance
총면적,0.5437641347043751
임대보증금,0.14015072541010942
준공연도,0.0868554566864581
건물형태,0.015920560266536973
