feature,mean_importance
건물형태,-0.0023365323781627035
준공연도,0.07221723193430536
임대보증금,0.08088811836120353
총면적,0.7333962925662706
