feature,mean_importance
건물형태,0.014151751449394257
준공연도,0.030376475790257918
임대보증금,0.08472553810485564
총면적,1.1822724519147647
