feature,shap_importance
총면적,0.510512312809665
임대보증금,0.14279335798191714
준공연도,0.11357670030941819
건물형태,0.0234552413347766
