feature,mean_importance
임대료,-0.05084279673499551
임대보증금,-0.030162642151607577
준공연도,-0.023951132258725128
면적74_85,-0.014532457972796287
건물형태,-0.013680403889536919
면적46_51,-0.012930805611457364
면적26_38,-0.009057180979349877
난방방식,-0.004270981743831936
면적59_74,-0.002784982922520396
면적38_46,-0.0005317450489317199
면적85_127,0.0
면적127_139,0.0
면적17_26,0.0016443604198854822
승강기설치여부,0.0019330357133138353
면적51_59,0.0038211755070490573
총세대수,0.07594355071321537
총면적,0.5904764478237652
