feature,mean_importance
건물형태,-0.0040787148895414125
임대료,-0.00026018394427541056
면적127_139,0.0
면적46_51,0.0
면적38_46,0.0
승강기설치여부,0.0
면적26_38,5.551115123125783e-18
면적85_127,5.551115123125783e-18
면적17_26,0.0008678143075872946
면적51_59,0.0009821493442019435
난방방식,0.0010996624846964398
면적59_74,0.004379517580377096
준공연도,0.0067238160573504235
면적74_85,0.011998437401894274
임대보증금,0.015671151506024373
총세대수,0.01816624894838092
총면적,0.8510198950660334
