feature,mean_importance
총세대수,0.0
준공연도,0.0
난방방식,0.0
승강기설치여부,0.0
면적17_26,0.0
면적38_46,0.0
면적59_74,0.0
면적74_85,0.0
임대보증금,0.09026982200253868
임대료,0.17235890789793415
총면적,1.4015039829565894
