feature,mean_importance
면적85_127,0.0
면적127_139,4.151445445757518e-05
승강기설치여부,0.00026368099460886697
면적59_74,0.0008943583141904187
면적17_26,0.002387237498557049
면적26_38,0.002995659011486673
면적46_51,0.0034750727099502887
면적38_46,0.007745987137858607
면적51_59,0.014966436174329457
건물형태,0.01792740577790906
임대료,0.018497529210624357
난방방식,0.025382692656893458
준공연도,0.046647843283524844
임대보증금,0.048502995145986244
총세대수,0.050846649289523274
면적74_85,0.0962169388198408
총면적,1.4335131448437888
