feature,mean_importance
임대료,-0.013207919969139559
면적26_38,-0.011955630992218424
면적38_46,-0.0030299262993128797
면적85_127,0.0
면적127_139,0.0
면적17_26,0.00023227063658476377
면적46_51,0.0013531722234150889
임대보증금,0.0020784000763923727
면적59_74,0.012508262361384515
승강기설치여부,0.016830689982745894
난방방식,0.031591418052884034
면적51_59,0.0380849503921319
건물형태,0.04835160850043761
준공연도,0.055876575642200124
총세대수,0.07820605855229087
총면적,0.1117057278487231
면적74_85,0.12188568282861496
