feature,mean_importance
난방방식,-0.020608491465198542
준공연도,-0.016014101975031347
임대료,-0.002531227097669653
면적17_26,-0.0024286281450948467
면적127_139,0.0
면적85_127,0.0
승강기설치여부,0.0012100597954155634
임대보증금,0.006985155076524629
건물형태,0.037372671641678144
총세대수,0.03866139431946038
면적46_51,0.04481674762141459
면적26_38,0.04894384408403209
총면적,0.049149027292530824
면적51_59,0.0680153120108797
면적74_85,0.0798285961255454
면적38_46,0.1058643285708527
면적59_74,0.13619026913878654
