feature,mean_importance
임대료,-0.007041034879861107
난방방식,0.0
승강기설치여부,0.0
면적17_26,1.1102230246251566e-17
면적38_46,0.004195973636893102
면적59_74,0.00924567143230542
임대보증금,0.014475660812483998
면적74_85,0.019004449147189833
준공연도,0.04139783771599477
총세대수,0.06749864047226867
총면적,0.5108994009824753
