feature,mean_importance
면적51_59,-0.0008877459452569236
면적17_26,-0.000674559059972446
면적38_46,-0.0005163735865111763
승강기설치여부,-0.0001051027880644928
면적127_139,-2.2204460492503132e-17
면적85_127,0.0
면적46_51,5.438416680236813e-05
난방방식,0.00037444802791798405
면적26_38,0.0005048236685045393
건물형태,0.0008883467239087173
임대료,0.009194068744733252
면적59_74,0.009959438037753043
준공연도,0.017547467500770554
총세대수,0.040526504276868124
임대보증금,0.04083834466972954
면적74_85,0.050446861574807544
총면적,0.546210840166333
