feature,shap_importance
임대보증금_multiply_총세대수,0.30576533
총면적,0.29119688
면적46_51_sum_총면적,0.21547718
건물형태,0.09189608
준공연도,0.07697375
임대보증금,0.044408347
