feature,shap_importance
임대보증금_multiply_총세대수,0.2800465
총면적,0.26540324
면적46_51_sum_총면적,0.1813085
건물형태,0.09819713
준공연도,0.08303394
임대보증금,0.07704244
