feature,mean_importance
준공연도,-0.001210320444500801
임대료,-0.0006464207213425666
면적127_139,0.0
면적85_127,0.0
면적51_59,0.0
면적46_51,0.0
면적26_38,0.0
면적38_46,0.0
승강기설치여부,0.0
난방방식,0.0
건물형태,0.0
면적17_26,0.0018318695013135322
면적59_74,0.013041956961816925
임대보증금,0.030710396816393905
면적74_85,0.061498223719941195
총세대수,0.19880600982098445
총면적,0.5058549668114645
