feature,mean_importance
면적59_74,-0.0027970524878385694
면적127_139,0.0
면적38_46,4.4408920985006264e-17
면적85_127,4.4408920985006264e-17
승강기설치여부,4.4408920985006264e-17
면적46_51,4.4408920985006264e-17
면적26_38,6.661338147750939e-17
면적51_59,1.1102230246251565e-16
임대료,0.0005136469781691022
준공연도,0.001120417315253075
면적17_26,0.002356495026732253
임대보증금,0.005857549309445232
건물형태,0.007860218767788595
난방방식,0.010171898164033443
면적74_85,0.09091209938252044
총세대수,0.18811599385583672
총면적,0.2703748890884962
