feature,mean_importance
임대보증금,-0.0015011788132330505
면적38_46,0.0
면적127_139,0.0
면적85_127,0.0
면적59_74,0.0
면적51_59,0.0
면적26_38,0.0
임대료,0.0
승강기설치여부,0.0
난방방식,0.0
준공연도,0.0
면적17_26,0.0
면적46_51,0.0002247855619945005
건물형태,0.00744419745528323
면적74_85,0.02752135584883051
총세대수,0.1486054717850759
총면적,0.39292871240357885
