feature,mean_importance
건물형태,0.026065134829382487
준공연도,0.05006548448250873
임대보증금,0.07233578624581573
총면적,0.8463881358058087
