feature,shap_importance
총면적,0.564492356548139
임대보증금,0.1462974962353
준공연도,0.10301122528783159
건물형태,0.041518815593403945
