feature,mean_importance
건물형태,-0.0023365323781627144
준공연도,0.07221723193430533
임대보증금,0.0808881183612035
총면적,0.7333962925662705
