feature,shap_importance
총면적,0.6082753753310064
임대보증금,0.14696502776818654
준공연도,0.12084803479679758
건물형태,0.05393840312116681
