feature,mean_importance
건물형태,0.014151751449394272
준공연도,0.030376475790257946
임대보증금,0.08472553810485565
총면적,1.1822724519147647
