feature,mean_importance
면적74_85,-0.02202392818892915
임대료,-0.01423012650930009
총세대수,-0.002723392773776245
면적38_46,-0.0019583829890426176
면적59_74,-0.0003860671139179539
승강기설치여부,0.0
면적85_127,0.0
면적127_139,0.0
면적17_26,0.00020040444280745585
난방방식,0.00271808197998854
면적26_38,0.0050608290377877506
면적46_51,0.011832335399333972
면적51_59,0.012432785494447906
건물형태,0.013672256770014568
준공연도,0.022433918695593434
임대보증금,0.05010383902884723
총면적,0.8305270055388497
