feature,mean_importance
면적38_46,0.0
면적127_139,0.0
면적85_127,0.0
면적51_59,0.0
면적46_51,0.0
면적26_38,0.0
임대료,0.0
승강기설치여부,0.0
난방방식,0.0
건물형태,0.0
준공연도,0.0
면적59_74,0.0035578902565519986
면적17_26,0.0056777997260523015
총세대수,0.020968332131848975
면적74_85,0.052019686334104566
임대보증금,0.09613254699397075
총면적,0.7404312623826217
