feature,mean_importance
건물형태,0.02906743437321181
준공연도,0.04832332221796679
임대보증금,0.0929399205265215
총면적,0.8789810838927845
