feature,mean_importance
건물형태,0.015055128249646065
준공연도,0.04263440090633497
임대보증금,0.06938495301444786
총면적,1.1303698976637662
