feature,mean_importance
건물형태,0.0033880663531392907
준공연도,0.04665888712333255
임대보증금,0.08718932234792365
총면적,0.9575703370459407
