feature,mean_importance
건물형태,0.01415175144939424
준공연도,0.030376475790257918
임대보증금,0.08472553810485564
총면적,1.1822724519147647
