feature,mean_importance
임대료,-0.004705358318612541
준공연도,-0.003632791218596976
면적127_139,0.0
면적85_127,0.0
면적74_85,0.0
면적59_74,0.0
면적51_59,0.0
면적46_51,0.0
면적38_46,0.0
면적26_38,0.0
면적17_26,0.0
승강기설치여부,0.0
건물형태,0.0
임대보증금,0.018114913310879378
난방방식,0.023393352959313263
총세대수,0.09260149665990926
총면적,0.404530092843656
