feature,mean_importance
면적38_46,0.0
면적127_139,0.0
건물형태,0.0
면적85_127,0.0
승강기설치여부,0.0
면적74_85,0.0
면적17_26,0.0
면적59_74,0.0
면적46_51,0.002060408659348323
면적26_38,0.0023985337605960553
임대료,0.0036892392967090458
준공연도,0.004244790263513376
면적51_59,0.016906005864593888
총세대수,0.06740316808571742
난방방식,0.07451918982753619
임대보증금,0.0783850861974845
총면적,0.4969293465863521
