feature,mean_importance
면적74_85,-0.10821499578137592
임대료,-0.022444909399559832
승강기설치여부,-0.0013077827212203852
면적17_26,0.0033727623656400587
준공연도,0.008109699074259647
총면적,0.00962414501614286
총세대수,0.010366997678222823
난방방식,0.015072865906765886
면적127_139,0.0266714810899787
면적26_38,0.037037754983427915
건물형태,0.04061840422330667
면적59_74,0.05099485220029894
면적85_127,0.062341079837159995
면적51_59,0.08941660679216876
면적46_51,0.10189232587397976
면적38_46,0.11074632306824524
임대보증금,0.2626676582272825
