feature,shap_importance
총면적,0.570834368673744
임대보증금,0.3417005156874584
임대료,0.09191606774209103
면적74_85,0.09005567646156833
면적51_59,0.05230940353451647
면적38_46,0.030738365823091533
총세대수,0.02015568332285916
면적17_26,0.0
면적26_38,0.0
준공연도,0.0
면적46_51,0.0
승강기설치여부,0.0
면적59_74,0.0
난방방식,0.0
면적85_127,0.0
면적127_139,0.0
건물형태,0.0
