feature,mean_importance
임대료,-0.0011694663269305016
면적17_26,-5.551115123125783e-18
면적46_51,0.0
면적26_38,0.0
면적127_139,5.551115123125783e-18
면적85_127,5.551115123125783e-18
승강기설치여부,5.551115123125783e-18
면적38_46,1.1102230246251566e-17
건물형태,0.0024285004562449196
면적51_59,0.0027594531682367807
면적59_74,0.003060330451160026
난방방식,0.006620507170911588
면적74_85,0.007041549235631361
준공연도,0.011842867544401859
총세대수,0.014566391285994906
임대보증금,0.035826417607607595
총면적,1.0839170183789661
