feature,mean_importance
면적59_74,0.0019399820407008772
면적38_46,0.007608607516125293
임대보증금,0.008034723802219984
승강기설치여부,0.011114377028968097
임대료,0.011367832997538236
난방방식,0.03704875093447084
면적17_26,0.049906734401401295
면적74_85,0.09772412325922838
준공연도,0.10820026293194171
총면적,0.2474919929649973
총세대수,0.27477140098496616
