feature,mean_importance
건물형태,-0.00925354947222026
임대보증금,0.03595520151644095
준공연도,0.10557194156963465
총면적,0.9542124877942608
