feature,mean_importance
건물형태,0.01932122562509083
임대보증금,0.06312333875217291
준공연도,0.06590181634478795
총면적,1.4480972723930603
