feature,mean_importance
면적51_59,-0.003211768976066243
면적127_139,0.0
건물형태,0.0
난방방식,0.0
승강기설치여부,0.0
면적85_127,0.0
면적17_26,0.0
면적26_38,0.0
면적74_85,0.0
면적46_51,0.0
면적59_74,0.0
면적38_46,0.0004386261953068904
임대료,0.001567509793301658
준공연도,0.025399218012101467
임대보증금,0.08306409966993342
총세대수,0.12487813688523448
총면적,0.314212934290573
