feature,mean_importance
면적38_46,-0.008564203561872308
승강기설치여부,0.0005099868780962024
면적17_26,0.001582823633162589
면적59_74,0.013654989275269102
준공연도,0.016554088586175443
임대료,0.02501852075529365
총세대수,0.02681005965080586
난방방식,0.048322859885324934
임대보증금,0.054572312314039695
면적74_85,0.06448738740621716
총면적,0.678208205668359
