feature,mean_importance
준공연도,-0.01640787462713248
임대료,-0.011735618667323778
승강기설치여부,0.00019081472709754356
면적17_26,0.0011273773318271284
임대보증금,0.0016246636516722313
면적38_46,0.0047087654829398255
난방방식,0.008549222468342743
면적59_74,0.014798766257613694
면적74_85,0.025840634787864657
총세대수,0.07553716217062541
총면적,0.6777852883334463
