feature,mean_importance
임대료,-0.07165154296171453
면적51_59,0.001759810937664441
면적59_74,0.0027310379118383743
면적38_46,0.0029721929916019184
승강기설치여부,0.0031495427802211927
면적26_38,0.0072455150901201025
면적46_51,0.014293137544936708
준공연도,0.023636327725480234
면적74_85,0.02748165410528054
난방방식,0.0414771882684297
면적17_26,0.061749256275824636
건물형태,0.08317344919727021
총세대수,0.09480963007535881
임대보증금,0.4882647112379127
면적127_139,1.3152921886526021
총면적,1.4826028547774175
면적85_127,2.3518858759379944
