feature,mean_importance
승강기설치여부,-0.0007711463278898157
난방방식,-0.0004573100310098832
면적17_26,-0.00022778002171899291
면적38_46,7.499823453573917e-05
임대료,0.006044531152862265
면적59_74,0.012581896172852691
준공연도,0.02756099343810372
임대보증금,0.04504594677617074
면적74_85,0.07033384096273558
총세대수,0.09045966092272441
총면적,0.47090802974410195
