feature,mean_importance
임대료,-0.02690271909674451
면적38_46,-0.019087091629236462
면적51_59,-0.01172547377887776
면적46_51,-0.009290235236950694
면적17_26,-0.0010982646164509613
건물형태,-0.0009057097942778647
승강기설치여부,-0.0007405332552170574
면적85_127,0.0
면적127_139,0.0
면적74_85,0.0018353935573406145
난방방식,0.001881686023687834
준공연도,0.005032066768458354
면적26_38,0.0053670250189924995
면적59_74,0.02508549684847976
임대보증금,0.03493562928877231
총세대수,0.13175593613806985
총면적,0.45470195292759674
