feature,shap_importance
총면적,0.4881089450677607
총세대수,0.1827254351911365
임대보증금,0.0725944489466795
면적74_85,0.06506615390048745
임대료,0.04068577497885221
면적59_74,0.03582316237694139
준공연도,0.03241167125456187
난방방식,0.01855560670557125
면적17_26,0.007684426506586726
건물형태,0.006671281721689008
면적51_59,0.0052583221399144
면적38_46,0.00421425132447106
면적46_51,0.0037562796913425483
면적26_38,0.0018722376361022018
승강기설치여부,0.00028388395565752324
면적85_127,9.009159935508019e-05
면적127_139,8.887485246313032e-05
