feature,mean_importance
면적127_139,0.0
면적85_127,0.0
승강기설치여부,0.0002081931781350521
면적46_51,0.0005512371471464217
면적26_38,0.0012326036824915677
면적17_26,0.004129325166365544
면적38_46,0.009250772350816528
면적59_74,0.009499880988273913
면적51_59,0.013083680577612288
건물형태,0.01920469545258998
임대료,0.028868160054181365
난방방식,0.03395109980303932
면적74_85,0.047572667731348356
준공연도,0.04880733714864983
총세대수,0.04925073730452016
임대보증금,0.06095996994689375
총면적,1.3546154939248178
