feature,shap_importance
총면적,0.5593877180462651
면적74_85,0.08756505319002676
총세대수,0.08326883978718888
준공연도,0.05819931280504321
임대보증금,0.05205553440849688
임대료,0.020253401541764
면적59_74,0.01999449958379192
건물형태,0.019126330093725434
면적17_26,0.016699614462068715
면적51_59,0.01099906556350236
면적26_38,0.0
승강기설치여부,0.0
면적46_51,0.0
난방방식,0.0
면적85_127,0.0
면적127_139,0.0
면적38_46,0.0
