feature,mean_importance
임대료,-0.05774017809802421
난방방식,-0.03420780703500337
임대보증금,-0.016840877111441187
면적127_139,0.0
면적85_127,0.0
총면적,0.004474534990325596
면적17_26,0.009078160892640496
면적26_38,0.012057987963836003
준공연도,0.012580281429457163
승강기설치여부,0.015010698512024134
면적74_85,0.023029950557223955
건물형태,0.03050411210534868
면적38_46,0.03581416090864368
총세대수,0.046782323847729346
면적51_59,0.07847022538347795
면적59_74,0.1184095317490226
면적46_51,0.1950658113015304
