feature,mean_importance
건물형태,-0.004628137991201184
임대보증금,0.03894218285961919
준공연도,0.1465245885611292
총면적,0.9055961909340645
