feature,mean_importance
건물형태,0.03870612258590845
임대보증금,0.0451760199263474
준공연도,0.07996681879121835
총면적,1.888869530945064
