feature,mean_importance
임대보증금,-0.02440414797874989
준공연도,0.03043416454981156
건물형태,0.08627649476076263
총면적,1.1965456812441906
