feature,mean_importance
임대보증금,0.03455754473958546
준공연도,0.07350427773052672
건물형태,0.09303669828296106
총면적,1.1701041471355558
