feature,mean_importance
임대보증금,0.010932223994453982
건물형태,0.035341178725097455
준공연도,0.10905453914756462
총면적,0.9767496038122667
