feature,mean_importance
건물형태,-0.016200218932883214
준공연도,0.04398923983858918
임대보증금,0.058353538548730335
총면적,1.4169370418481357
