feature,mean_importance
임대보증금,0.0024241319261789794
건물형태,0.01913573373817884
준공연도,0.04540411942536565
총면적,1.3886668293658055
