feature,mean_importance
임대보증금,-0.02195428105104713
건물형태,-0.017216205850187023
준공연도,0.08764522295906914
총면적,0.7655781733574936
