feature,mean_importance
면적127_139,-0.0011560396491000601
면적85_127,0.0
면적17_26,3.3066158778777274e-05
승강기설치여부,0.000213580506543809
면적38_46,0.002070892536218988
건물형태,0.00320215439361089
면적59_74,0.004243149507843297
면적51_59,0.006355755148205827
면적26_38,0.008531314463127215
난방방식,0.00919722867951404
면적46_51,0.011853989375452706
면적74_85,0.01303079915823685
임대료,0.03707213075422745
준공연도,0.042255811183517775
임대보증금,0.06200461104168542
총세대수,0.10542781864329212
총면적,0.5786409343835568
