feature,mean_importance
면적51_59,-0.00033937144442415247
면적85_127,-2.2204460492503132e-17
면적26_38,-1.6653345369377347e-17
면적127_139,-1.1102230246251566e-17
면적38_46,-5.551115123125783e-18
면적17_26,0.0
승강기설치여부,5.551115123125783e-18
건물형태,0.000623444568307413
면적46_51,0.0014021764861256558
면적59_74,0.0018320462974528828
난방방식,0.004907702734357422
준공연도,0.005248897518835022
임대보증금,0.010001162478380538
임대료,0.010074395394024277
면적74_85,0.017838589812734375
총세대수,0.0715181357201861
총면적,0.5172015033183535
