feature,shap_importance
임대보증금_multiply_총세대수,0.27863914
총면적,0.26501366
면적46_51_sum_총면적,0.20656574
준공연도,0.07796306
임대보증금,0.07364422
건물형태,0.056306627
