feature,shap_importance
임대보증금_multiply_총세대수,0.25166747
면적46_51_sum_총면적,0.2451316
총면적,0.17796777
건물형태,0.1088515
임대보증금,0.08121229
준공연도,0.069184616
