feature,mean_importance
면적17_26,-0.001715362903733375
건물형태,-5.551115123125783e-18
면적38_46,0.0
면적127_139,0.0
난방방식,0.0
승강기설치여부,0.0
면적85_127,0.0
면적26_38,0.0
면적59_74,0.0
면적46_51,0.0
면적51_59,0.0
임대료,0.0024213456696033308
면적74_85,0.011662373602220815
임대보증금,0.01640176282023716
총세대수,0.0192281492618614
준공연도,0.024490094706070685
총면적,0.8818417731122213
