feature,mean_importance
면적51_59,-0.0029017431809812587
건물형태,7.136784382464346e-05
면적85_127,8.635896413283217e-05
면적127_139,0.0006919613742042419
승강기설치여부,0.0012741821549910547
면적38_46,0.006331223846107553
면적17_26,0.006515796435816862
면적26_38,0.008444032739530788
면적46_51,0.01294273451345319
임대료,0.014543044170862957
임대보증금,0.015268487248940376
면적59_74,0.017487661905390646
면적74_85,0.01809944433705349
난방방식,0.03228692368588791
준공연도,0.049063190455811485
총세대수,0.09519321842577541
총면적,0.37158251936411024
