feature,mean_importance
임대료,-0.007041034879861107
난방방식,5.551115123125783e-18
승강기설치여부,5.551115123125783e-18
면적17_26,1.6653345369377347e-17
면적38_46,0.0041959736368930856
면적59_74,0.009245671432305425
임대보증금,0.014475660812484015
면적74_85,0.01900444914718985
준공연도,0.04139783771599477
총세대수,0.06749864047226865
총면적,0.5108994009824753
