feature,mean_importance
임대보증금,-0.0015011788132330505
면적38_46,-1.1102230246251566e-17
면적51_59,-1.1102230246251566e-17
임대료,-1.1102230246251566e-17
승강기설치여부,0.0
면적17_26,0.0
면적26_38,0.0
준공연도,0.0
면적59_74,0.0
면적85_127,0.0
면적127_139,0.0
난방방식,0.0
면적46_51,0.0002247855619945338
건물형태,0.007444197455283241
면적74_85,0.027521355848830496
총세대수,0.14860547178507594
총면적,0.39292871240357885
