feature,shap_importance
총면적,0.35015199504949573
총세대수,0.3428942431443409
면적74_85,0.13010541887107488
임대보증금,0.022601258462037865
건물형태,0.02091079345991052
면적46_51,0.01344368930886922
면적51_59,0.0
면적127_139,0.0
면적85_127,0.0
면적59_74,0.0
면적38_46,0.0
준공연도,0.0
면적26_38,0.0
면적17_26,0.0
승강기설치여부,0.0
난방방식,0.0
임대료,0.0
