feature,mean_importance
면적51_59,-0.00216885874248427
면적127_139,0.0
면적85_127,0.0
면적74_85,0.0
승강기설치여부,0.0
면적59_74,0.0
면적17_26,0.0
면적26_38,0.0
면적46_51,0.0
면적38_46,5.9711487515523574e-05
임대료,0.0003407462628059688
총세대수,0.002418369728848113
난방방식,0.005673235417287514
임대보증금,0.011419856653683202
준공연도,0.015899706923924794
건물형태,0.07469637926479353
총면적,0.5453557894303849
