feature,mean_importance
면적26_38,-0.003950020497956985
면적38_46,-0.0035370513636879598
면적17_26,-0.00030891580688576783
면적127_139,0.0
면적85_127,0.0
면적46_51,0.001426288072879356
임대료,0.0020131254525168176
승강기설치여부,0.004158917099588466
임대보증금,0.01732374642355299
준공연도,0.0251492489026356
난방방식,0.055007307252550056
면적74_85,0.05897300861298397
면적51_59,0.0626142212014339
총세대수,0.08078013093224817
건물형태,0.08356731872264685
면적59_74,0.0880803417002059
총면적,0.1662819842911591
