feature,mean_importance
임대보증금,0.014846911759758852
건물형태,0.0760180776702962
준공연도,0.07794219665801157
총면적,1.1851648565381137
