feature,mean_importance
임대보증금,0.03166033880561097
건물형태,0.08405588549122593
준공연도,0.1113736747201223
총면적,1.2630372716339482
