feature,mean_importance
면적38_46,-0.025649084449510074
면적46_51,-0.010991779359719577
면적26_38,-0.007108437796265077
임대료,-0.0048841133299453495
건물형태,-0.0016307968782709014
승강기설치여부,0.0
면적85_127,0.0
면적127_139,0.0
면적17_26,0.000269177193407244
면적51_59,0.00038581232500763953
난방방식,0.0050881800386479385
준공연도,0.0076725614778736075
총세대수,0.018629049550229614
면적59_74,0.03583979030620007
임대보증금,0.051172715001649306
면적74_85,0.09537016690243946
총면적,1.0839272691848976
