feature,mean_importance
건물형태,0.027092394590046955
임대보증금,0.06093322993046023
준공연도,0.06334332712446857
총면적,1.0350450755858172
