feature,mean_importance
건물형태,0.012016007594064616
준공연도,0.030240943066238406
임대보증금,0.08611492448126996
총면적,1.065373410182716
