feature,mean_importance
준공연도,0.023373223898054983
건물형태,0.07206432483145038
임대보증금,0.07589245840664798
총면적,0.9712444312077553
