feature,mean_importance
건물형태,0.0033216819200719396
준공연도,0.03997239069284562
임대보증금,0.09928834179525842
총면적,0.8286641017987193
