feature,mean_importance
난방방식,-0.002698706474845969
면적38_46,0.0
면적85_127,0.0
승강기설치여부,0.0
면적51_59,0.0
면적127_139,1.1102230246251566e-17
면적46_51,2.2204460492503132e-17
면적26_38,2.2204460492503132e-17
임대료,0.0018040827872859654
면적17_26,0.0021129097851918964
건물형태,0.0026180915539382953
면적59_74,0.008581263921904747
임대보증금,0.013998675140138684
준공연도,0.020894525542515398
총세대수,0.04266622336409357
면적74_85,0.06261875544627453
총면적,0.4893416669322349
