feature,mean_importance
준공연도,-0.017926140412505166
임대료,-0.0006153474004157555
면적127_139,0.0
면적85_127,0.0
면적74_85,0.0
면적59_74,0.0
면적26_38,0.0
면적38_46,0.0
승강기설치여부,0.0
건물형태,0.0
면적17_26,0.0
면적46_51,0.006472401452071497
난방방식,0.010866528518007835
면적51_59,0.02358796916282453
총세대수,0.043682333313670926
임대보증금,0.0922794419204907
총면적,0.6004817074390166
