feature,mean_importance
건물형태,0.0
승강기설치여부,0.0
면적127_139,0.0
면적17_26,0.0
면적26_38,0.0
면적85_127,0.0
면적59_74,0.0
면적74_85,0.0
면적46_51,0.001678523191772363
면적38_46,0.001754864542624579
면적51_59,0.005118985095781359
준공연도,0.006050330141950289
난방방식,0.006401266699486707
임대료,0.013780299360038162
총세대수,0.024893801360823663
임대보증금,0.10643069928834406
총면적,0.6031154122294684
