feature,mean_importance
승강기설치여부,0.00028523804334941173
면적38_46,0.00037325468732596345
면적17_26,0.0019363610528808418
면적59_74,0.004090718138177301
난방방식,0.008317116486395104
준공연도,0.016887652885893657
임대료,0.02719807676984053
임대보증금,0.04675866976520047
면적74_85,0.06958183748402567
총세대수,0.12566868847701604
총면적,0.5768221504413896
