feature,mean_importance
임대보증금,-0.018197112728748643
건물형태,0.02023055388778087
준공연도,0.10486338514499882
총면적,1.3790885156087442
