feature,mean_importance
건물형태,-0.028170437687998106
임대보증금,0.0038592016192296906
준공연도,0.08940905468528414
총면적,1.2068610891879314
