feature,mean_importance
임대보증금,-0.019137569118720367
건물형태,-0.009006454573532986
준공연도,0.13002829510216393
총면적,0.6110447108776361
