feature,mean_importance
승강기설치여부,-0.004211372334550006
면적17_26,-0.00189941330359939
건물형태,-0.0010343512556416023
면적59_74,0.0024352057363674685
면적85_127,0.0028381334838047056
임대보증금,0.0126862317020904
임대료,0.012931761847858953
준공연도,0.015590977442301462
면적127_139,0.019230246703928346
난방방식,0.03656848720697162
면적46_51,0.047198311145293464
총세대수,0.05579050691965111
면적74_85,0.06221267634394985
면적26_38,0.0728451954552
총면적,0.08085309916995032
면적51_59,0.19214438581059662
면적38_46,0.221495956639758
