feature,mean_importance
총세대수,-0.03724136308002844
총면적,-0.033461455729729916
임대료,-0.018628638449897105
면적38_46,-0.017347064985803316
면적46_51,-0.01162297024052893
면적59_74,-0.0017530788927640263
면적85_127,0.0
면적127_139,0.0
면적17_26,0.00022580191424356188
난방방식,0.004498827426882379
건물형태,0.008123449618968392
면적26_38,0.008221997387137681
임대보증금,0.01139128675418557
준공연도,0.026090580090921744
승강기설치여부,0.038802510656797795
면적51_59,0.08320311856005061
면적74_85,0.09344616394932116
