feature,mean_importance
임대보증금,-0.0030188484464521493
건물형태,0.029356256754809584
준공연도,0.042736770777843144
총면적,1.1892918714366025
