feature,mean_importance
건물형태,-0.018642720504932098
임대보증금,-0.009302748273495282
준공연도,0.16683206421679306
총면적,0.8628876660043694
