feature,shap_importance
총면적,0.6610588991857205
임대보증금,0.11520013424110732
준공연도,0.10015923329850444
건물형태,0.05760388617960698
