feature,mean_importance
건물형태,0.025841425979082865
준공연도,0.053749899028591876
임대보증금,0.07896708409671196
총면적,0.9385065597243841
