feature,mean_importance
임대료,-0.00545064385215741
면적127_139,0.0
면적85_127,0.0
면적74_85,0.0
승강기설치여부,0.0
면적59_74,0.0
면적17_26,0.0
면적26_38,0.0
면적38_46,0.001041553139034257
면적46_51,0.0011807934420568378
준공연도,0.004810420079051014
면적51_59,0.00611370570979779
총세대수,0.006805194175300256
임대보증금,0.009729213652731227
난방방식,0.02157445140124801
건물형태,0.0283812571516479
총면적,0.8889510647349244
