feature,shap_importance
임대보증금_multiply_총세대수,0.2427025
총면적,0.24005067
면적46_51_sum_총면적,0.2050516
임대보증금,0.08796219
건물형태,0.08223775
준공연도,0.069459915
