feature,shap_importance
임대보증금_multiply_총세대수,0.28846592
총면적,0.24694894
면적46_51_sum_총면적,0.20138688
건물형태,0.08922982
준공연도,0.08338613
임대보증금,0.072010495
