feature,shap_importance
총면적,0.2732615
임대보증금_multiply_총세대수,0.26474592
면적46_51_sum_총면적,0.24055855
준공연도,0.08770674
건물형태,0.0698066
임대보증금,0.047567878
