feature,mean_importance
건물형태,0.026065134829382476
준공연도,0.050065484482508735
임대보증금,0.07233578624581574
총면적,0.8463881358058088
