feature,mean_importance
건물형태,0.015443264756037512
임대보증금,0.03522738395286078
준공연도,0.052574127471533914
총면적,1.2443937613063412
