feature,mean_importance
임대료,-0.0007207313671731997
면적127_139,0.0
면적85_127,0.0
면적74_85,0.0
승강기설치여부,0.0
면적59_74,0.0
면적17_26,0.0
면적26_38,0.0013102526143021986
면적46_51,0.003713321286574545
면적38_46,0.004009955118845198
준공연도,0.016616213940599665
면적51_59,0.02332995434098035
총세대수,0.03412896655844723
임대보증금,0.05839977861132426
난방방식,0.06041772739385469
건물형태,0.08509803394929008
총면적,0.8048456428851336
