feature,mean_importance
준공연도,-0.0010835454612826978
총세대수,-0.0006212780021844222
면적85_127,-1.1102230246251566e-17
면적51_59,0.0
면적46_51,0.0
면적38_46,0.0
승강기설치여부,0.0
면적26_38,1.1102230246251566e-17
면적127_139,1.1102230246251566e-17
건물형태,0.00018026984168335592
난방방식,0.00025488268805888835
면적17_26,0.0002604707251672722
임대보증금,0.0023184862581292266
임대료,0.003961625198223073
면적59_74,0.011111702071738772
면적74_85,0.09716872246227767
총면적,1.0912770819988018
