feature,mean_importance
준공연도,0.037737684453389195
임대보증금,0.05285015945467022
건물형태,0.07197937437931695
총면적,1.3926581679576657
