feature,mean_importance
건물형태,0.017765669500031278
준공연도,0.02916576089731921
임대보증금,0.08219211736923697
총면적,1.3547524145776375
