feature,shap_importance
총면적,0.42547856806716045
총세대수,0.14666703589245986
면적74_85,0.08642264477517668
임대보증금,0.05897113445608355
면적59_74,0.034152802246966686
임대료,0.008789903759743157
준공연도,0.0046141304143677495
면적46_51,0.0036845291383374393
면적17_26,0.0019357300210418593
면적26_38,0.0
면적51_59,0.0
승강기설치여부,0.0
난방방식,0.0
면적85_127,0.0
면적127_139,0.0
건물형태,0.0
면적38_46,0.0
