feature,shap_importance
임대보증금_multiply_총세대수,0.27451512
총면적,0.24763806
면적46_51_sum_총면적,0.21579686
준공연도,0.071162276
건물형태,0.065822646
임대보증금,0.0655174
