feature,shap_importance
총면적,0.25173518
임대보증금_multiply_총세대수,0.25131416
면적46_51_sum_총면적,0.17953552
임대보증금,0.08108241
건물형태,0.080451295
준공연도,0.06710946
