feature,shap_importance
임대보증금_multiply_총세대수,0.25506786
면적46_51_sum_총면적,0.22240715
총면적,0.18246566
건물형태,0.09993438
임대보증금,0.073372014
준공연도,0.07107258
