feature,mean_importance
면적74_85,-0.007663873297633417
면적38_46,-0.0007807026517054116
면적26_38,-0.0006244701418698928
면적51_59,-1.1102230246251566e-17
면적127_139,0.0
면적85_127,0.0
면적46_51,0.0
승강기설치여부,1.1102230246251566e-17
난방방식,0.0015347018624991104
면적17_26,0.0042342856658397765
건물형태,0.008732895531554452
준공연도,0.016164805475649656
면적59_74,0.016438789330375597
임대료,0.020736761068046138
총세대수,0.024271897129813667
임대보증금,0.02549639878540143
총면적,0.745987996960236
