feature,mean_importance
승강기설치여부,0.0007715974204005549
임대료,0.004472096449708784
면적17_26,0.004861223991783017
면적38_46,0.008691374076318804
면적59_74,0.012891156263105458
난방방식,0.020598866225596604
면적74_85,0.034457205444596385
준공연도,0.037138044355613006
임대보증금,0.0398636075766209
총세대수,0.08730106351210436
총면적,0.48412381312143504
