feature,mean_importance
면적38_46,0.0
건물형태,0.0
면적127_139,0.0
승강기설치여부,0.0
면적85_127,0.0
면적17_26,0.0
면적26_38,0.0
면적74_85,0.0
면적59_74,0.0
면적46_51,0.0008988644382805444
준공연도,0.004079046664408314
임대료,0.004457075846027847
면적51_59,0.023901518113231
난방방식,0.0291559126753148
총세대수,0.06265544446712326
임대보증금,0.08315587426837648
총면적,0.42742218168047047
