feature,mean_importance
임대료,-0.16316248696111132
총면적,-0.1098520770602549
난방방식,-0.010718009874539348
승강기설치여부,-0.0031942035414779467
준공연도,0.00917999319280971
면적26_38,0.010808360815338914
면적17_26,0.028003514283131657
면적59_74,0.030466124228496705
건물형태,0.040690537724793696
면적38_46,0.04931035966412296
면적46_51,0.06724028727595743
총세대수,0.07242360595269345
면적51_59,0.20011650906443212
면적74_85,0.2067686367169217
임대보증금,0.314584638139562
면적127_139,0.7517531670686222
면적85_127,0.9302022633067564
