feature,shap_importance
총면적,0.23413302
임대보증금_multiply_총세대수,0.22566812
면적46_51_sum_총면적,0.19951408
건물형태,0.10357732
임대보증금,0.100536674
준공연도,0.07668062
