feature,shap_importance
총면적,0.251664
임대보증금_multiply_총세대수,0.23123947
면적46_51_sum_총면적,0.21635112
임대보증금,0.08235839
준공연도,0.06094014
건물형태,0.03933506
