feature,shap_importance
총면적,0.25789067
임대보증금_multiply_총세대수,0.25547358
면적46_51_sum_총면적,0.21833627
준공연도,0.10251541
건물형태,0.07848953
임대보증금,0.076061346
