feature,shap_importance
총면적,0.27115443
임대보증금_multiply_총세대수,0.26324758
면적46_51_sum_총면적,0.24731994
준공연도,0.08955469
건물형태,0.06409581
임대보증금,0.05872856
