feature,shap_importance
면적46_51_sum_총면적,0.24393523
임대보증금_multiply_총세대수,0.23771809
총면적,0.19799477
임대보증금,0.10219133
준공연도,0.08230335
건물형태,0.07987747
