feature,mean_importance
난방방식,-0.006234835026456426
면적38_46,-0.0019430826347133444
면적127_139,0.0
면적85_127,0.0
승강기설치여부,0.00010762239668900553
면적17_26,0.00021718457055898698
면적59_74,0.0006001096399847084
면적46_51,0.0024603780172768376
면적26_38,0.003921382772746856
면적51_59,0.009825342998926007
건물형태,0.013602654753254817
면적74_85,0.023671991235916685
임대료,0.040034385711580495
준공연도,0.07387142297640098
임대보증금,0.10321912827573528
총세대수,0.10940999937058826
총면적,0.56779984006137
