feature,mean_importance
면적38_46,-1.1102230246251566e-17
난방방식,-1.1102230246251566e-17
면적17_26,-1.1102230246251566e-17
면적85_127,-1.1102230246251566e-17
면적46_51,-1.1102230246251566e-17
준공연도,0.0
승강기설치여부,0.0
면적127_139,0.0
면적26_38,0.0
면적51_59,0.0
면적59_74,0.0
건물형태,0.002977198895692268
임대료,0.014483292340078547
면적74_85,0.03325447803748623
임대보증금,0.06092707571228597
총세대수,0.06883330911648824
총면적,0.6875024512333846
