feature,mean_importance
건물형태,-0.005144387745061885
면적85_127,0.0
승강기설치여부,5.551115123125783e-18
면적46_51,5.551115123125783e-18
면적38_46,1.1102230246251566e-17
면적127_139,1.6653345369377347e-17
난방방식,1.6653345369377347e-17
면적26_38,1.6653345369377347e-17
임대료,0.0013011842310621025
면적51_59,0.0018635231194019442
면적59_74,0.0020600676339816992
면적17_26,0.0049084406723390265
면적74_85,0.006652375797283633
준공연도,0.017558500401662642
총세대수,0.020411632085630037
임대보증금,0.037819044821092176
총면적,0.6971761174408522
