feature,mean_importance
총세대수,0.0
면적127_139,0.0
면적85_127,0.0
면적59_74,0.0
면적51_59,0.0
면적46_51,0.0
면적26_38,0.0
면적38_46,0.0
승강기설치여부,0.0
난방방식,0.0
건물형태,0.0
준공연도,0.0
면적17_26,0.0
임대료,0.0
임대보증금,0.014019877019309268
면적74_85,0.07658863197545868
총면적,1.2723228979220853
