feature,mean_importance
면적46_51,-0.0012165024084886066
면적51_59,-0.0010192564036026973
면적127_139,0.0
면적85_127,0.0
승강기설치여부,0.00014638684856735918
면적17_26,0.002960145164207839
면적59_74,0.006586545645759811
임대료,0.006892495908485374
건물형태,0.007580565388392746
면적26_38,0.010780761047156173
면적38_46,0.014086222595936592
면적74_85,0.01635202910599461
난방방식,0.018330754969587814
총세대수,0.02530822465608673
준공연도,0.02819198777292864
임대보증금,0.05414024660977571
총면적,0.4875870729232742
