feature,mean_importance
건물형태,-0.005608869893981255
면적127_139,0.0
면적85_127,0.0
승강기설치여부,0.0
면적17_26,0.0
면적38_46,0.0012343496353527717
면적26_38,0.0033274861101100896
면적59_74,0.007635182160203108
면적51_59,0.008004377438700739
면적46_51,0.008393708164291691
임대료,0.00842055054671732
난방방식,0.013044201396555443
준공연도,0.022095979212709043
면적74_85,0.034645715037433175
임대보증금,0.040384416520245284
총세대수,0.1518721460555367
총면적,0.2718423872451985
