feature,mean_importance
임대료,-0.007487321416554083
면적127_139,0.0
면적85_127,0.0
면적74_85,0.0
면적59_74,0.0
면적46_51,0.0
면적26_38,0.0
면적38_46,0.0
승강기설치여부,0.0
건물형태,0.0
면적17_26,0.0
준공연도,0.001084540966686598
면적51_59,0.001896431429000378
난방방식,0.02326976693601137
총세대수,0.02934372740212261
임대보증금,0.045158505476865306
총면적,0.16849044374604177
