feature,mean_importance
건물형태,0.01810516808119107
준공연도,0.0271837528876701
임대보증금,0.09608919462829815
총면적,0.9409198547016725
