feature,mean_importance
건물형태,0.005582428570920494
준공연도,0.03532490133466375
임대보증금,0.07977926061865606
총면적,0.9764842037217907
