feature,mean_importance
건물형태,-0.007028648799276988
임대보증금,0.04825742030197978
준공연도,0.07182404452884936
총면적,0.8134173524135712
